label,file
sashimi,/Users/gavin/Documents/GitHub/SeeFood-Image-Recognition-and-Nutrional-Analysis/CV/data/sharpened/sashimi/sashimi_32_sharpened.jpg
sashimi,/Users/gavin/Documents/GitHub/SeeFood-Image-Recognition-and-Nutrional-Analysis/CV/data/sharpened/sashimi/sashimi_98_sharpened.jpg
sashimi,/Users/gavin/Documents/GitHub/SeeFood-Image-Recognition-and-Nutrional-Analysis/CV/data/sharpened/sashimi/crop__sashimi13_sharpened.jpg
sashimi,/Users/gavin/Documents/GitHub/SeeFood-Image-Recognition-and-Nutrional-Analysis/CV/data/sharpened/sashimi/crop__sashimi1_sharpened.jpg
sashimi,/Users/gavin/Documents/GitHub/SeeFood-Image-Recognition-and-Nutrional-Analysis/CV/data/sharpened/sashimi/sashimi_46_sharpened.jpg
sashimi,/Users/gavin/Documents/GitHub/SeeFood-Image-Recognition-and-Nutrional-Analysis/CV/data/sharpened/sashimi/crop__sashimi5_sharpened.jpg
sashimi,/Users/gavin/Documents/GitHub/SeeFood-Image-Recognition-and-Nutrional-Analysis/CV/data/sharpened/sashimi/crop__sashimi17_sharpened.jpg
sashimi,/Users/gavin/Documents/GitHub/SeeFood-Image-Recognition-and-Nutrional-Analysis/CV/data/sharpened/sashimi/crop__sashimi2_sharpened.jpg
sashimi,/Users/gavin/Documents/GitHub/SeeFood-Image-Recognition-and-Nutrional-Analysis/CV/data/sharpened/sashimi/crop__sashimi10_sharpened.jpg
sashimi,/Users/gavin/Documents/GitHub/SeeFood-Image-Recognition-and-Nutrional-Analysis/CV/data/sharpened/sashimi/crop__sashimi14_sharpened.jpg
sashimi,/Users/gavin/Documents/GitHub/SeeFood-Image-Recognition-and-Nutrional-Analysis/CV/data/sharpened/sashimi/crop__sashimi6_sharpened.jpg
sashimi,/Users/gavin/Documents/GitHub/SeeFood-Image-Recognition-and-Nutrional-Analysis/CV/data/sharpened/sashimi/sashimi_107_sharpened.jpg
sashimi,/Users/gavin/Documents/GitHub/SeeFood-Image-Recognition-and-Nutrional-Analysis/CV/data/sharpened/sashimi/sashimi_123_sharpened.jpg
sashimi,/Users/gavin/Documents/GitHub/SeeFood-Image-Recognition-and-Nutrional-Analysis/CV/data/sharpened/sashimi/sashimi_140_sharpened.jpg
sashimi,/Users/gavin/Documents/GitHub/SeeFood-Image-Recognition-and-Nutrional-Analysis/CV/data/sharpened/sashimi/crop__sashimi27_sharpened.jpg
sashimi,/Users/gavin/Documents/GitHub/SeeFood-Image-Recognition-and-Nutrional-Analysis/CV/data/sharpened/sashimi/crop__sashimi8_sharpened.jpg
sashimi,/Users/gavin/Documents/GitHub/SeeFood-Image-Recognition-and-Nutrional-Analysis/CV/data/sharpened/sashimi/crop__sashimi23_sharpened.jpg
sashimi,/Users/gavin/Documents/GitHub/SeeFood-Image-Recognition-and-Nutrional-Analysis/CV/data/sharpened/sashimi/crop__sashimi24_sharpened.jpg
sashimi,/Users/gavin/Documents/GitHub/SeeFood-Image-Recognition-and-Nutrional-Analysis/CV/data/sharpened/sashimi/crop__sashimi19_sharpened.jpg
sashimi,/Users/gavin/Documents/GitHub/SeeFood-Image-Recognition-and-Nutrional-Analysis/CV/data/sharpened/sashimi/crop__sashimi20_sharpened.jpg
sashimi,/Users/gavin/Documents/GitHub/SeeFood-Image-Recognition-and-Nutrional-Analysis/CV/data/sharpened/sashimi/sashimi_12_sharpened.jpg
sashimi,/Users/gavin/Documents/GitHub/SeeFood-Image-Recognition-and-Nutrional-Analysis/CV/data/sharpened/sashimi/crop__sashimi21_sharpened.jpg
sashimi,/Users/gavin/Documents/GitHub/SeeFood-Image-Recognition-and-Nutrional-Analysis/CV/data/sharpened/sashimi/crop__sashimi18_sharpened.jpg
sashimi,/Users/gavin/Documents/GitHub/SeeFood-Image-Recognition-and-Nutrional-Analysis/CV/data/sharpened/sashimi/crop__sashimi25_sharpened.jpg
sashimi,/Users/gavin/Documents/GitHub/SeeFood-Image-Recognition-and-Nutrional-Analysis/CV/data/sharpened/sashimi/sashimi_9_sharpened.jpg
sashimi,/Users/gavin/Documents/GitHub/SeeFood-Image-Recognition-and-Nutrional-Analysis/CV/data/sharpened/sashimi/sashimi_125_sharpened.jpg
sashimi,/Users/gavin/Documents/GitHub/SeeFood-Image-Recognition-and-Nutrional-Analysis/CV/data/sharpened/sashimi/sashimi_97_sharpened.jpg
sashimi,/Users/gavin/Documents/GitHub/SeeFood-Image-Recognition-and-Nutrional-Analysis/CV/data/sharpened/sashimi/crop__sashimi22_sharpened.jpg
sashimi,/Users/gavin/Documents/GitHub/SeeFood-Image-Recognition-and-Nutrional-Analysis/CV/data/sharpened/sashimi/crop__sashimi9_sharpened.jpg
sashimi,/Users/gavin/Documents/GitHub/SeeFood-Image-Recognition-and-Nutrional-Analysis/CV/data/sharpened/sashimi/crop__sashimi26_sharpened.jpg
sashimi,/Users/gavin/Documents/GitHub/SeeFood-Image-Recognition-and-Nutrional-Analysis/CV/data/sharpened/sashimi/crop__sashimi7_sharpened.jpg
sashimi,/Users/gavin/Documents/GitHub/SeeFood-Image-Recognition-and-Nutrional-Analysis/CV/data/sharpened/sashimi/crop__sashimi15_sharpened.jpg
sashimi,/Users/gavin/Documents/GitHub/SeeFood-Image-Recognition-and-Nutrional-Analysis/CV/data/sharpened/sashimi/crop__sashimi28_sharpened.jpg
sashimi,/Users/gavin/Documents/GitHub/SeeFood-Image-Recognition-and-Nutrional-Analysis/CV/data/sharpened/sashimi/sashimi_57_sharpened.jpg
sashimi,/Users/gavin/Documents/GitHub/SeeFood-Image-Recognition-and-Nutrional-Analysis/CV/data/sharpened/sashimi/crop__sashimi11_sharpened.jpg
sashimi,/Users/gavin/Documents/GitHub/SeeFood-Image-Recognition-and-Nutrional-Analysis/CV/data/sharpened/sashimi/crop__sashimi3_sharpened.jpg
sashimi,/Users/gavin/Documents/GitHub/SeeFood-Image-Recognition-and-Nutrional-Analysis/CV/data/sharpened/sashimi/sashimi_105_sharpened.jpg
sashimi,/Users/gavin/Documents/GitHub/SeeFood-Image-Recognition-and-Nutrional-Analysis/CV/data/sharpened/sashimi/crop__sashimi16_sharpened.jpg
sashimi,/Users/gavin/Documents/GitHub/SeeFood-Image-Recognition-and-Nutrional-Analysis/CV/data/sharpened/sashimi/crop__sashimi4_sharpened.jpg
sashimi,/Users/gavin/Documents/GitHub/SeeFood-Image-Recognition-and-Nutrional-Analysis/CV/data/sharpened/sashimi/crop__sashimi12_sharpened.jpg
sushi,/Users/gavin/Documents/GitHub/SeeFood-Image-Recognition-and-Nutrional-Analysis/CV/data/sharpened/sushi/sushi_164_sharpened.jpg
sushi,/Users/gavin/Documents/GitHub/SeeFood-Image-Recognition-and-Nutrional-Analysis/CV/data/sharpened/sushi/sushi_17_sharpened.jpg
sushi,/Users/gavin/Documents/GitHub/SeeFood-Image-Recognition-and-Nutrional-Analysis/CV/data/sharpened/sushi/crop__sushi44_sharpened.jpg
sushi,/Users/gavin/Documents/GitHub/SeeFood-Image-Recognition-and-Nutrional-Analysis/CV/data/sharpened/sushi/sushi_160_sharpened.jpg
sushi,/Users/gavin/Documents/GitHub/SeeFood-Image-Recognition-and-Nutrional-Analysis/CV/data/sharpened/sushi/crop__sushi40_sharpened.jpg
sushi,/Users/gavin/Documents/GitHub/SeeFood-Image-Recognition-and-Nutrional-Analysis/CV/data/sharpened/sushi/sushi_159_sharpened.jpg
sushi,/Users/gavin/Documents/GitHub/SeeFood-Image-Recognition-and-Nutrional-Analysis/CV/data/sharpened/sushi/sushi_49_sharpened.jpg
sushi,/Users/gavin/Documents/GitHub/SeeFood-Image-Recognition-and-Nutrional-Analysis/CV/data/sharpened/sushi/sushi_103_sharpened.jpg
sushi,/Users/gavin/Documents/GitHub/SeeFood-Image-Recognition-and-Nutrional-Analysis/CV/data/sharpened/sushi/crop__sushi34_sharpened.jpg
sushi,/Users/gavin/Documents/GitHub/SeeFood-Image-Recognition-and-Nutrional-Analysis/CV/data/sharpened/sushi/sushi_70_sharpened.jpg
sushi,/Users/gavin/Documents/GitHub/SeeFood-Image-Recognition-and-Nutrional-Analysis/CV/data/sharpened/sushi/sushi_67_sharpened.jpg
sushi,/Users/gavin/Documents/GitHub/SeeFood-Image-Recognition-and-Nutrional-Analysis/CV/data/sharpened/sushi/crop__sushi23_sharpened.jpg
sushi,/Users/gavin/Documents/GitHub/SeeFood-Image-Recognition-and-Nutrional-Analysis/CV/data/sharpened/sushi/sushi_110_sharpened.jpg
sushi,/Users/gavin/Documents/GitHub/SeeFood-Image-Recognition-and-Nutrional-Analysis/CV/data/sharpened/sushi/crop__sushi4_sharpened.jpg
sushi,/Users/gavin/Documents/GitHub/SeeFood-Image-Recognition-and-Nutrional-Analysis/CV/data/sharpened/sushi/crop__sushi27_sharpened.jpg
sushi,/Users/gavin/Documents/GitHub/SeeFood-Image-Recognition-and-Nutrional-Analysis/CV/data/sharpened/sushi/sushi_129_sharpened.jpg
sushi,/Users/gavin/Documents/GitHub/SeeFood-Image-Recognition-and-Nutrional-Analysis/CV/data/sharpened/sushi/crop__sushi30_sharpened.jpg
sushi,/Users/gavin/Documents/GitHub/SeeFood-Image-Recognition-and-Nutrional-Analysis/CV/data/sharpened/sushi/crop__sushi19_sharpened.jpg
sushi,/Users/gavin/Documents/GitHub/SeeFood-Image-Recognition-and-Nutrional-Analysis/CV/data/sharpened/sushi/sushi_117_sharpened.jpg
sushi,/Users/gavin/Documents/GitHub/SeeFood-Image-Recognition-and-Nutrional-Analysis/CV/data/sharpened/sushi/crop__sushi3_sharpened.jpg
sushi,/Users/gavin/Documents/GitHub/SeeFood-Image-Recognition-and-Nutrional-Analysis/CV/data/sharpened/sushi/sushi_100_sharpened.jpg
sushi,/Users/gavin/Documents/GitHub/SeeFood-Image-Recognition-and-Nutrional-Analysis/CV/data/sharpened/sushi/crop__sushi20_sharpened.jpg
sushi,/Users/gavin/Documents/GitHub/SeeFood-Image-Recognition-and-Nutrional-Analysis/CV/data/sharpened/sushi/sushi_139_sharpened.jpg
sushi,/Users/gavin/Documents/GitHub/SeeFood-Image-Recognition-and-Nutrional-Analysis/CV/data/sharpened/sushi/crop__sushi37_sharpened.jpg
sushi,/Users/gavin/Documents/GitHub/SeeFood-Image-Recognition-and-Nutrional-Analysis/CV/data/sharpened/sushi/sushi_104_sharpened.jpg
sushi,/Users/gavin/Documents/GitHub/SeeFood-Image-Recognition-and-Nutrional-Analysis/CV/data/sharpened/sushi/crop__sushi7_sharpened.jpg
sushi,/Users/gavin/Documents/GitHub/SeeFood-Image-Recognition-and-Nutrional-Analysis/CV/data/sharpened/sushi/crop__sushi33_sharpened.jpg
sushi,/Users/gavin/Documents/GitHub/SeeFood-Image-Recognition-and-Nutrional-Analysis/CV/data/sharpened/sushi/crop__sushi24_sharpened.jpg
sushi,/Users/gavin/Documents/GitHub/SeeFood-Image-Recognition-and-Nutrional-Analysis/CV/data/sharpened/sushi/sushi_149_sharpened.jpg
sushi,/Users/gavin/Documents/GitHub/SeeFood-Image-Recognition-and-Nutrional-Analysis/CV/data/sharpened/sushi/sushi_14_sharpened.jpg
sushi,/Users/gavin/Documents/GitHub/SeeFood-Image-Recognition-and-Nutrional-Analysis/CV/data/sharpened/sushi/sushi_29_sharpened.jpg
sushi,/Users/gavin/Documents/GitHub/SeeFood-Image-Recognition-and-Nutrional-Analysis/CV/data/sharpened/sushi/sushi_94_sharpened.jpg
sushi,/Users/gavin/Documents/GitHub/SeeFood-Image-Recognition-and-Nutrional-Analysis/CV/data/sharpened/sushi/crop__sushi43_sharpened.jpg
sushi,/Users/gavin/Documents/GitHub/SeeFood-Image-Recognition-and-Nutrional-Analysis/CV/data/sharpened/sushi/sushi_34_sharpened.jpg
sushi,/Users/gavin/Documents/GitHub/SeeFood-Image-Recognition-and-Nutrional-Analysis/CV/data/sharpened/sushi/sushi_89_sharpened.jpg
sushi,/Users/gavin/Documents/GitHub/SeeFood-Image-Recognition-and-Nutrional-Analysis/CV/data/sharpened/sushi/sushi_23_sharpened.jpg
sushi,/Users/gavin/Documents/GitHub/SeeFood-Image-Recognition-and-Nutrional-Analysis/CV/data/sharpened/sushi/crop__sushi17_sharpened.jpg
sushi,/Users/gavin/Documents/GitHub/SeeFood-Image-Recognition-and-Nutrional-Analysis/CV/data/sharpened/sushi/sushi_53_sharpened.jpg
sushi,/Users/gavin/Documents/GitHub/SeeFood-Image-Recognition-and-Nutrional-Analysis/CV/data/sharpened/sushi/sushi_137_sharpened.jpg
sushi,/Users/gavin/Documents/GitHub/SeeFood-Image-Recognition-and-Nutrional-Analysis/CV/data/sharpened/sushi/crop__sushi39_sharpened.jpg
sushi,/Users/gavin/Documents/GitHub/SeeFood-Image-Recognition-and-Nutrional-Analysis/CV/data/sharpened/sushi/crop__sushi9_sharpened.jpg
sushi,/Users/gavin/Documents/GitHub/SeeFood-Image-Recognition-and-Nutrional-Analysis/CV/data/sharpened/sushi/crop__sushi13_sharpened.jpg
sushi,/Users/gavin/Documents/GitHub/SeeFood-Image-Recognition-and-Nutrional-Analysis/CV/data/sharpened/sushi/sushi_133_sharpened.jpg
sushi,/Users/gavin/Documents/GitHub/SeeFood-Image-Recognition-and-Nutrional-Analysis/CV/data/sharpened/sushi/sushi_50_sharpened.jpg
sushi,/Users/gavin/Documents/GitHub/SeeFood-Image-Recognition-and-Nutrional-Analysis/CV/data/sharpened/sushi/crop__sushi14_sharpened.jpg
sushi,/Users/gavin/Documents/GitHub/SeeFood-Image-Recognition-and-Nutrional-Analysis/CV/data/sharpened/sushi/crop__sushi10_sharpened.jpg
sushi,/Users/gavin/Documents/GitHub/SeeFood-Image-Recognition-and-Nutrional-Analysis/CV/data/sharpened/sushi/sushi_109_sharpened.jpg
sushi,/Users/gavin/Documents/GitHub/SeeFood-Image-Recognition-and-Nutrional-Analysis/CV/data/sharpened/sushi/sushi_43_sharpened.jpg
sushi,/Users/gavin/Documents/GitHub/SeeFood-Image-Recognition-and-Nutrional-Analysis/CV/data/sharpened/sushi/crop__sushi29_sharpened.jpg
sushi,/Users/gavin/Documents/GitHub/SeeFood-Image-Recognition-and-Nutrional-Analysis/CV/data/sharpened/sushi/sushi_127_sharpened.jpg
sushi,/Users/gavin/Documents/GitHub/SeeFood-Image-Recognition-and-Nutrional-Analysis/CV/data/sharpened/sushi/sushi_20_sharpened.jpg
sushi,/Users/gavin/Documents/GitHub/SeeFood-Image-Recognition-and-Nutrional-Analysis/CV/data/sharpened/sushi/sushi_19_sharpened.jpg
sushi,/Users/gavin/Documents/GitHub/SeeFood-Image-Recognition-and-Nutrional-Analysis/CV/data/sharpened/sushi/sushi_144_sharpened.jpg
sushi,/Users/gavin/Documents/GitHub/SeeFood-Image-Recognition-and-Nutrional-Analysis/CV/data/sharpened/sushi/sushi_33_sharpened.jpg
sushi,/Users/gavin/Documents/GitHub/SeeFood-Image-Recognition-and-Nutrional-Analysis/CV/data/sharpened/sushi/sushi_99_sharpened.jpg
sushi,/Users/gavin/Documents/GitHub/SeeFood-Image-Recognition-and-Nutrional-Analysis/CV/data/sharpened/sushi/sushi_157_sharpened.jpg
sushi,/Users/gavin/Documents/GitHub/SeeFood-Image-Recognition-and-Nutrional-Analysis/CV/data/sharpened/sushi/crop__sushi28_sharpened.jpg
sushi,/Users/gavin/Documents/GitHub/SeeFood-Image-Recognition-and-Nutrional-Analysis/CV/data/sharpened/sushi/sushi_126_sharpened.jpg
sushi,/Users/gavin/Documents/GitHub/SeeFood-Image-Recognition-and-Nutrional-Analysis/CV/data/sharpened/sushi/sushi_42_sharpened.jpg
sushi,/Users/gavin/Documents/GitHub/SeeFood-Image-Recognition-and-Nutrional-Analysis/CV/data/sharpened/sushi/sushi_2_sharpened.jpg
sushi,/Users/gavin/Documents/GitHub/SeeFood-Image-Recognition-and-Nutrional-Analysis/CV/data/sharpened/sushi/sushi_108_sharpened.jpg
sushi,/Users/gavin/Documents/GitHub/SeeFood-Image-Recognition-and-Nutrional-Analysis/CV/data/sharpened/sushi/crop__sushi11_sharpened.jpg
sushi,/Users/gavin/Documents/GitHub/SeeFood-Image-Recognition-and-Nutrional-Analysis/CV/data/sharpened/sushi/sushi_68_sharpened.jpg
sushi,/Users/gavin/Documents/GitHub/SeeFood-Image-Recognition-and-Nutrional-Analysis/CV/data/sharpened/sushi/sushi_135_sharpened.jpg
sushi,/Users/gavin/Documents/GitHub/SeeFood-Image-Recognition-and-Nutrional-Analysis/CV/data/sharpened/sushi/crop__sushi15_sharpened.jpg
sushi,/Users/gavin/Documents/GitHub/SeeFood-Image-Recognition-and-Nutrional-Analysis/CV/data/sharpened/sushi/sushi_6_sharpened.jpg
sushi,/Users/gavin/Documents/GitHub/SeeFood-Image-Recognition-and-Nutrional-Analysis/CV/data/sharpened/sushi/sushi_25_sharpened.jpg
sushi,/Users/gavin/Documents/GitHub/SeeFood-Image-Recognition-and-Nutrional-Analysis/CV/data/sharpened/sushi/sushi_18_sharpened.jpg
sushi,/Users/gavin/Documents/GitHub/SeeFood-Image-Recognition-and-Nutrional-Analysis/CV/data/sharpened/sushi/sushi_36_sharpened.jpg
sushi,/Users/gavin/Documents/GitHub/SeeFood-Image-Recognition-and-Nutrional-Analysis/CV/data/sharpened/sushi/sushi_21_sharpened.jpg
sushi,/Users/gavin/Documents/GitHub/SeeFood-Image-Recognition-and-Nutrional-Analysis/CV/data/sharpened/sushi/sushi_142_sharpened.jpg
sushi,/Users/gavin/Documents/GitHub/SeeFood-Image-Recognition-and-Nutrional-Analysis/CV/data/sharpened/sushi/sushi_31_sharpened.jpg
sushi,/Users/gavin/Documents/GitHub/SeeFood-Image-Recognition-and-Nutrional-Analysis/CV/data/sharpened/sushi/sushi_151_sharpened.jpg
sushi,/Users/gavin/Documents/GitHub/SeeFood-Image-Recognition-and-Nutrional-Analysis/CV/data/sharpened/sushi/sushi_22_sharpened.jpg
sushi,/Users/gavin/Documents/GitHub/SeeFood-Image-Recognition-and-Nutrional-Analysis/CV/data/sharpened/sushi/sushi_88_sharpened.jpg
sushi,/Users/gavin/Documents/GitHub/SeeFood-Image-Recognition-and-Nutrional-Analysis/CV/data/sharpened/sushi/sushi_35_sharpened.jpg
sushi,/Users/gavin/Documents/GitHub/SeeFood-Image-Recognition-and-Nutrional-Analysis/CV/data/sharpened/sushi/sushi_56_sharpened.jpg
sushi,/Users/gavin/Documents/GitHub/SeeFood-Image-Recognition-and-Nutrional-Analysis/CV/data/sharpened/sushi/crop__sushi8_sharpened.jpg
sushi,/Users/gavin/Documents/GitHub/SeeFood-Image-Recognition-and-Nutrional-Analysis/CV/data/sharpened/sushi/crop__sushi12_sharpened.jpg
sushi,/Users/gavin/Documents/GitHub/SeeFood-Image-Recognition-and-Nutrional-Analysis/CV/data/sharpened/sushi/sushi_1_sharpened.jpg
sushi,/Users/gavin/Documents/GitHub/SeeFood-Image-Recognition-and-Nutrional-Analysis/CV/data/sharpened/sushi/sushi_136_sharpened.jpg
sushi,/Users/gavin/Documents/GitHub/SeeFood-Image-Recognition-and-Nutrional-Analysis/CV/data/sharpened/sushi/crop__sushi38_sharpened.jpg
sushi,/Users/gavin/Documents/GitHub/SeeFood-Image-Recognition-and-Nutrional-Analysis/CV/data/sharpened/sushi/sushi_121_sharpened.jpg
sushi,/Users/gavin/Documents/GitHub/SeeFood-Image-Recognition-and-Nutrional-Analysis/CV/data/sharpened/sushi/sushi_5_sharpened.jpg
sushi,/Users/gavin/Documents/GitHub/SeeFood-Image-Recognition-and-Nutrional-Analysis/CV/data/sharpened/sushi/crop__sushi16_sharpened.jpg
sushi,/Users/gavin/Documents/GitHub/SeeFood-Image-Recognition-and-Nutrional-Analysis/CV/data/sharpened/sushi/sushi_61_sharpened.jpg
sushi,/Users/gavin/Documents/GitHub/SeeFood-Image-Recognition-and-Nutrional-Analysis/CV/data/sharpened/sushi/crop__sushi25_sharpened.jpg
sushi,/Users/gavin/Documents/GitHub/SeeFood-Image-Recognition-and-Nutrional-Analysis/CV/data/sharpened/sushi/crop__sushi32_sharpened.jpg
sushi,/Users/gavin/Documents/GitHub/SeeFood-Image-Recognition-and-Nutrional-Analysis/CV/data/sharpened/sushi/sushi_76_sharpened.jpg
sushi,/Users/gavin/Documents/GitHub/SeeFood-Image-Recognition-and-Nutrional-Analysis/CV/data/sharpened/sushi/crop__sushi6_sharpened.jpg
sushi,/Users/gavin/Documents/GitHub/SeeFood-Image-Recognition-and-Nutrional-Analysis/CV/data/sharpened/sushi/sushi_138_sharpened.jpg
sushi,/Users/gavin/Documents/GitHub/SeeFood-Image-Recognition-and-Nutrional-Analysis/CV/data/sharpened/sushi/sushi_72_sharpened.jpg
sushi,/Users/gavin/Documents/GitHub/SeeFood-Image-Recognition-and-Nutrional-Analysis/CV/data/sharpened/sushi/crop__sushi36_sharpened.jpg
sushi,/Users/gavin/Documents/GitHub/SeeFood-Image-Recognition-and-Nutrional-Analysis/CV/data/sharpened/sushi/crop__sushi21_sharpened.jpg
sushi,/Users/gavin/Documents/GitHub/SeeFood-Image-Recognition-and-Nutrional-Analysis/CV/data/sharpened/sushi/sushi_65_sharpened.jpg
sushi,/Users/gavin/Documents/GitHub/SeeFood-Image-Recognition-and-Nutrional-Analysis/CV/data/sharpened/sushi/crop__sushi18_sharpened.jpg
sushi,/Users/gavin/Documents/GitHub/SeeFood-Image-Recognition-and-Nutrional-Analysis/CV/data/sharpened/sushi/crop__sushi2_sharpened.jpg
sushi,/Users/gavin/Documents/GitHub/SeeFood-Image-Recognition-and-Nutrional-Analysis/CV/data/sharpened/sushi/crop__sushi42_sharpened.jpg
sushi,/Users/gavin/Documents/GitHub/SeeFood-Image-Recognition-and-Nutrional-Analysis/CV/data/sharpened/sushi/sushi_11_sharpened.jpg
sushi,/Users/gavin/Documents/GitHub/SeeFood-Image-Recognition-and-Nutrional-Analysis/CV/data/sharpened/sushi/sushi_162_sharpened.jpg
sushi,/Users/gavin/Documents/GitHub/SeeFood-Image-Recognition-and-Nutrional-Analysis/CV/data/sharpened/sushi/sushi_28_sharpened.jpg
sushi,/Users/gavin/Documents/GitHub/SeeFood-Image-Recognition-and-Nutrional-Analysis/CV/data/sharpened/sushi/sushi_15_sharpened.jpg
sushi,/Users/gavin/Documents/GitHub/SeeFood-Image-Recognition-and-Nutrional-Analysis/CV/data/sharpened/sushi/crop__sushi46_sharpened.jpg
sushi,/Users/gavin/Documents/GitHub/SeeFood-Image-Recognition-and-Nutrional-Analysis/CV/data/sharpened/sushi/crop__sushi41_sharpened.jpg
sushi,/Users/gavin/Documents/GitHub/SeeFood-Image-Recognition-and-Nutrional-Analysis/CV/data/sharpened/sushi/sushi_161_sharpened.jpg
sushi,/Users/gavin/Documents/GitHub/SeeFood-Image-Recognition-and-Nutrional-Analysis/CV/data/sharpened/sushi/crop__sushi45_sharpened.jpg
sushi,/Users/gavin/Documents/GitHub/SeeFood-Image-Recognition-and-Nutrional-Analysis/CV/data/sharpened/sushi/sushi_16_sharpened.jpg
sushi,/Users/gavin/Documents/GitHub/SeeFood-Image-Recognition-and-Nutrional-Analysis/CV/data/sharpened/sushi/sushi_165_sharpened.jpg
sushi,/Users/gavin/Documents/GitHub/SeeFood-Image-Recognition-and-Nutrional-Analysis/CV/data/sharpened/sushi/sushi_75_sharpened.jpg
sushi,/Users/gavin/Documents/GitHub/SeeFood-Image-Recognition-and-Nutrional-Analysis/CV/data/sharpened/sushi/crop__sushi31_sharpened.jpg
sushi,/Users/gavin/Documents/GitHub/SeeFood-Image-Recognition-and-Nutrional-Analysis/CV/data/sharpened/sushi/crop__sushi26_sharpened.jpg
sushi,/Users/gavin/Documents/GitHub/SeeFood-Image-Recognition-and-Nutrional-Analysis/CV/data/sharpened/sushi/sushi_128_sharpened.jpg
sushi,/Users/gavin/Documents/GitHub/SeeFood-Image-Recognition-and-Nutrional-Analysis/CV/data/sharpened/sushi/sushi_106_sharpened.jpg
sushi,/Users/gavin/Documents/GitHub/SeeFood-Image-Recognition-and-Nutrional-Analysis/CV/data/sharpened/sushi/sushi_111_sharpened.jpg
sushi,/Users/gavin/Documents/GitHub/SeeFood-Image-Recognition-and-Nutrional-Analysis/CV/data/sharpened/sushi/crop__sushi5_sharpened.jpg
sushi,/Users/gavin/Documents/GitHub/SeeFood-Image-Recognition-and-Nutrional-Analysis/CV/data/sharpened/sushi/crop__sushi22_sharpened.jpg
sushi,/Users/gavin/Documents/GitHub/SeeFood-Image-Recognition-and-Nutrional-Analysis/CV/data/sharpened/sushi/crop__sushi35_sharpened.jpg
sushi,/Users/gavin/Documents/GitHub/SeeFood-Image-Recognition-and-Nutrional-Analysis/CV/data/sharpened/sushi/sushi_71_sharpened.jpg
sushi,/Users/gavin/Documents/GitHub/SeeFood-Image-Recognition-and-Nutrional-Analysis/CV/data/sharpened/sushi/crop__sushi1_sharpened.jpg
sushi,/Users/gavin/Documents/GitHub/SeeFood-Image-Recognition-and-Nutrional-Analysis/CV/data/sharpened/sushi/sushi_8_sharpened.jpg
pizza,/Users/gavin/Documents/GitHub/SeeFood-Image-Recognition-and-Nutrional-Analysis/CV/data/sharpened/pizza/pizza_176_sharpened.jpg
pizza,/Users/gavin/Documents/GitHub/SeeFood-Image-Recognition-and-Nutrional-Analysis/CV/data/sharpened/pizza/pizza_403_sharpened.jpg
pizza,/Users/gavin/Documents/GitHub/SeeFood-Image-Recognition-and-Nutrional-Analysis/CV/data/sharpened/pizza/pizza_380_sharpened.jpg
pizza,/Users/gavin/Documents/GitHub/SeeFood-Image-Recognition-and-Nutrional-Analysis/CV/data/sharpened/pizza/pizza_313_sharpened.jpg
pizza,/Users/gavin/Documents/GitHub/SeeFood-Image-Recognition-and-Nutrional-Analysis/CV/data/sharpened/pizza/pizza_243_sharpened.jpg
pizza,/Users/gavin/Documents/GitHub/SeeFood-Image-Recognition-and-Nutrional-Analysis/CV/data/sharpened/pizza/pizza_304_sharpened.jpg
pizza,/Users/gavin/Documents/GitHub/SeeFood-Image-Recognition-and-Nutrional-Analysis/CV/data/sharpened/pizza/pizza_254_sharpened.jpg
pizza,/Users/gavin/Documents/GitHub/SeeFood-Image-Recognition-and-Nutrional-Analysis/CV/data/sharpened/pizza/pizza_269_sharpened.jpg
pizza,/Users/gavin/Documents/GitHub/SeeFood-Image-Recognition-and-Nutrional-Analysis/CV/data/sharpened/pizza/pizza_339_sharpened.jpg
pizza,/Users/gavin/Documents/GitHub/SeeFood-Image-Recognition-and-Nutrional-Analysis/CV/data/sharpened/pizza/pizza_384_sharpened.jpg
pizza,/Users/gavin/Documents/GitHub/SeeFood-Image-Recognition-and-Nutrional-Analysis/CV/data/sharpened/pizza/pizza_393_sharpened.jpg
pizza,/Users/gavin/Documents/GitHub/SeeFood-Image-Recognition-and-Nutrional-Analysis/CV/data/sharpened/pizza/crop_pizza49_sharpened.jpg
pizza,/Users/gavin/Documents/GitHub/SeeFood-Image-Recognition-and-Nutrional-Analysis/CV/data/sharpened/pizza/pizza_429_sharpened.jpg
pizza,/Users/gavin/Documents/GitHub/SeeFood-Image-Recognition-and-Nutrional-Analysis/CV/data/sharpened/pizza/pizza_250_sharpened.jpg
pizza,/Users/gavin/Documents/GitHub/SeeFood-Image-Recognition-and-Nutrional-Analysis/CV/data/sharpened/pizza/pizza_300_sharpened.jpg
pizza,/Users/gavin/Documents/GitHub/SeeFood-Image-Recognition-and-Nutrional-Analysis/CV/data/sharpened/pizza/pizza_247_sharpened.jpg
pizza,/Users/gavin/Documents/GitHub/SeeFood-Image-Recognition-and-Nutrional-Analysis/CV/data/sharpened/pizza/pizza_317_sharpened.jpg
pizza,/Users/gavin/Documents/GitHub/SeeFood-Image-Recognition-and-Nutrional-Analysis/CV/data/sharpened/pizza/crop_pizza13_sharpened.jpg
pizza,/Users/gavin/Documents/GitHub/SeeFood-Image-Recognition-and-Nutrional-Analysis/CV/data/sharpened/pizza/pizza_299_sharpened.jpg
pizza,/Users/gavin/Documents/GitHub/SeeFood-Image-Recognition-and-Nutrional-Analysis/CV/data/sharpened/pizza/pizza_195_sharpened.jpg
pizza,/Users/gavin/Documents/GitHub/SeeFood-Image-Recognition-and-Nutrional-Analysis/CV/data/sharpened/pizza/pizza_224_sharpened.jpg
pizza,/Users/gavin/Documents/GitHub/SeeFood-Image-Recognition-and-Nutrional-Analysis/CV/data/sharpened/pizza/pizza_374_sharpened.jpg
pizza,/Users/gavin/Documents/GitHub/SeeFood-Image-Recognition-and-Nutrional-Analysis/CV/data/sharpened/pizza/pizza_182_sharpened.jpg
pizza,/Users/gavin/Documents/GitHub/SeeFood-Image-Recognition-and-Nutrional-Analysis/CV/data/sharpened/pizza/pizza_233_sharpened.jpg
pizza,/Users/gavin/Documents/GitHub/SeeFood-Image-Recognition-and-Nutrional-Analysis/CV/data/sharpened/pizza/pizza_363_sharpened.jpg
pizza,/Users/gavin/Documents/GitHub/SeeFood-Image-Recognition-and-Nutrional-Analysis/CV/data/sharpened/pizza/crop_pizza39_sharpened.jpg
pizza,/Users/gavin/Documents/GitHub/SeeFood-Image-Recognition-and-Nutrional-Analysis/CV/data/sharpened/pizza/pizza_349_sharpened.jpg
pizza,/Users/gavin/Documents/GitHub/SeeFood-Image-Recognition-and-Nutrional-Analysis/CV/data/sharpened/pizza/pizza_219_sharpened.jpg
pizza,/Users/gavin/Documents/GitHub/SeeFood-Image-Recognition-and-Nutrional-Analysis/CV/data/sharpened/pizza/pizza_186_sharpened.jpg
pizza,/Users/gavin/Documents/GitHub/SeeFood-Image-Recognition-and-Nutrional-Analysis/CV/data/sharpened/pizza/pizza_237_sharpened.jpg
pizza,/Users/gavin/Documents/GitHub/SeeFood-Image-Recognition-and-Nutrional-Analysis/CV/data/sharpened/pizza/pizza_191_sharpened.jpg
pizza,/Users/gavin/Documents/GitHub/SeeFood-Image-Recognition-and-Nutrional-Analysis/CV/data/sharpened/pizza/pizza_370_sharpened.jpg
pizza,/Users/gavin/Documents/GitHub/SeeFood-Image-Recognition-and-Nutrional-Analysis/CV/data/sharpened/pizza/pizza_220_sharpened.jpg
pizza,/Users/gavin/Documents/GitHub/SeeFood-Image-Recognition-and-Nutrional-Analysis/CV/data/sharpened/pizza/crop_pizza17_sharpened.jpg
pizza,/Users/gavin/Documents/GitHub/SeeFood-Image-Recognition-and-Nutrional-Analysis/CV/data/sharpened/pizza/pizza_209_sharpened.jpg
pizza,/Users/gavin/Documents/GitHub/SeeFood-Image-Recognition-and-Nutrional-Analysis/CV/data/sharpened/pizza/pizza_359_sharpened.jpg
pizza,/Users/gavin/Documents/GitHub/SeeFood-Image-Recognition-and-Nutrional-Analysis/CV/data/sharpened/pizza/crop_pizza29_sharpened.jpg
pizza,/Users/gavin/Documents/GitHub/SeeFood-Image-Recognition-and-Nutrional-Analysis/CV/data/sharpened/pizza/pizza_449_sharpened.jpg
pizza,/Users/gavin/Documents/GitHub/SeeFood-Image-Recognition-and-Nutrional-Analysis/CV/data/sharpened/pizza/pizza_181_sharpened.jpg
pizza,/Users/gavin/Documents/GitHub/SeeFood-Image-Recognition-and-Nutrional-Analysis/CV/data/sharpened/pizza/pizza_230_sharpened.jpg
pizza,/Users/gavin/Documents/GitHub/SeeFood-Image-Recognition-and-Nutrional-Analysis/CV/data/sharpened/pizza/pizza_360_sharpened.jpg
pizza,/Users/gavin/Documents/GitHub/SeeFood-Image-Recognition-and-Nutrional-Analysis/CV/data/sharpened/pizza/pizza_196_sharpened.jpg
pizza,/Users/gavin/Documents/GitHub/SeeFood-Image-Recognition-and-Nutrional-Analysis/CV/data/sharpened/pizza/pizza_227_sharpened.jpg
pizza,/Users/gavin/Documents/GitHub/SeeFood-Image-Recognition-and-Nutrional-Analysis/CV/data/sharpened/pizza/pizza_377_sharpened.jpg
pizza,/Users/gavin/Documents/GitHub/SeeFood-Image-Recognition-and-Nutrional-Analysis/CV/data/sharpened/pizza/crop_pizza10_sharpened.jpg
pizza,/Users/gavin/Documents/GitHub/SeeFood-Image-Recognition-and-Nutrional-Analysis/CV/data/sharpened/pizza/crop_pizza14_sharpened.jpg
pizza,/Users/gavin/Documents/GitHub/SeeFood-Image-Recognition-and-Nutrional-Analysis/CV/data/sharpened/pizza/pizza_192_sharpened.jpg
pizza,/Users/gavin/Documents/GitHub/SeeFood-Image-Recognition-and-Nutrional-Analysis/CV/data/sharpened/pizza/pizza_373_sharpened.jpg
pizza,/Users/gavin/Documents/GitHub/SeeFood-Image-Recognition-and-Nutrional-Analysis/CV/data/sharpened/pizza/pizza_223_sharpened.jpg
pizza,/Users/gavin/Documents/GitHub/SeeFood-Image-Recognition-and-Nutrional-Analysis/CV/data/sharpened/pizza/pizza_185_sharpened.jpg
pizza,/Users/gavin/Documents/GitHub/SeeFood-Image-Recognition-and-Nutrional-Analysis/CV/data/sharpened/pizza/pizza_289_sharpened.jpg
pizza,/Users/gavin/Documents/GitHub/SeeFood-Image-Recognition-and-Nutrional-Analysis/CV/data/sharpened/pizza/pizza_383_sharpened.jpg
pizza,/Users/gavin/Documents/GitHub/SeeFood-Image-Recognition-and-Nutrional-Analysis/CV/data/sharpened/pizza/pizza_417_sharpened.jpg
pizza,/Users/gavin/Documents/GitHub/SeeFood-Image-Recognition-and-Nutrional-Analysis/CV/data/sharpened/pizza/pizza_175_sharpened.jpg
pizza,/Users/gavin/Documents/GitHub/SeeFood-Image-Recognition-and-Nutrional-Analysis/CV/data/sharpened/pizza/pizza_329_sharpened.jpg
pizza,/Users/gavin/Documents/GitHub/SeeFood-Image-Recognition-and-Nutrional-Analysis/CV/data/sharpened/pizza/pizza_279_sharpened.jpg
pizza,/Users/gavin/Documents/GitHub/SeeFood-Image-Recognition-and-Nutrional-Analysis/CV/data/sharpened/pizza/pizza_307_sharpened.jpg
pizza,/Users/gavin/Documents/GitHub/SeeFood-Image-Recognition-and-Nutrional-Analysis/CV/data/sharpened/pizza/pizza_257_sharpened.jpg
pizza,/Users/gavin/Documents/GitHub/SeeFood-Image-Recognition-and-Nutrional-Analysis/CV/data/sharpened/pizza/pizza_310_sharpened.jpg
pizza,/Users/gavin/Documents/GitHub/SeeFood-Image-Recognition-and-Nutrional-Analysis/CV/data/sharpened/pizza/pizza_240_sharpened.jpg
pizza,/Users/gavin/Documents/GitHub/SeeFood-Image-Recognition-and-Nutrional-Analysis/CV/data/sharpened/pizza/pizza_439_sharpened.jpg
pizza,/Users/gavin/Documents/GitHub/SeeFood-Image-Recognition-and-Nutrional-Analysis/CV/data/sharpened/pizza/pizza_390_sharpened.jpg
pizza,/Users/gavin/Documents/GitHub/SeeFood-Image-Recognition-and-Nutrional-Analysis/CV/data/sharpened/pizza/crop_pizza8_sharpened.jpg
pizza,/Users/gavin/Documents/GitHub/SeeFood-Image-Recognition-and-Nutrional-Analysis/CV/data/sharpened/pizza/pizza_314_sharpened.jpg
pizza,/Users/gavin/Documents/GitHub/SeeFood-Image-Recognition-and-Nutrional-Analysis/CV/data/sharpened/pizza/pizza_253_sharpened.jpg
pizza,/Users/gavin/Documents/GitHub/SeeFood-Image-Recognition-and-Nutrional-Analysis/CV/data/sharpened/pizza/pizza_303_sharpened.jpg
pizza,/Users/gavin/Documents/GitHub/SeeFood-Image-Recognition-and-Nutrional-Analysis/CV/data/sharpened/pizza/pizza_330_sharpened.jpg
pizza,/Users/gavin/Documents/GitHub/SeeFood-Image-Recognition-and-Nutrional-Analysis/CV/data/sharpened/pizza/pizza_419_sharpened.jpg
pizza,/Users/gavin/Documents/GitHub/SeeFood-Image-Recognition-and-Nutrional-Analysis/CV/data/sharpened/pizza/crop_pizza2_sharpened.jpg
pizza,/Users/gavin/Documents/GitHub/SeeFood-Image-Recognition-and-Nutrional-Analysis/CV/data/sharpened/pizza/pizza_327_sharpened.jpg
pizza,/Users/gavin/Documents/GitHub/SeeFood-Image-Recognition-and-Nutrional-Analysis/CV/data/sharpened/pizza/pizza_277_sharpened.jpg
pizza,/Users/gavin/Documents/GitHub/SeeFood-Image-Recognition-and-Nutrional-Analysis/CV/data/sharpened/pizza/crop_pizza40_sharpened.jpg
pizza,/Users/gavin/Documents/GitHub/SeeFood-Image-Recognition-and-Nutrional-Analysis/CV/data/sharpened/pizza/pizza_420_sharpened.jpg
pizza,/Users/gavin/Documents/GitHub/SeeFood-Image-Recognition-and-Nutrional-Analysis/CV/data/sharpened/pizza/pizza_309_sharpened.jpg
pizza,/Users/gavin/Documents/GitHub/SeeFood-Image-Recognition-and-Nutrional-Analysis/CV/data/sharpened/pizza/pizza_437_sharpened.jpg
pizza,/Users/gavin/Documents/GitHub/SeeFood-Image-Recognition-and-Nutrional-Analysis/CV/data/sharpened/pizza/crop_pizza44_sharpened.jpg
pizza,/Users/gavin/Documents/GitHub/SeeFood-Image-Recognition-and-Nutrional-Analysis/CV/data/sharpened/pizza/pizza_273_sharpened.jpg
pizza,/Users/gavin/Documents/GitHub/SeeFood-Image-Recognition-and-Nutrional-Analysis/CV/data/sharpened/pizza/pizza_323_sharpened.jpg
pizza,/Users/gavin/Documents/GitHub/SeeFood-Image-Recognition-and-Nutrional-Analysis/CV/data/sharpened/pizza/crop_pizza6_sharpened.jpg
pizza,/Users/gavin/Documents/GitHub/SeeFood-Image-Recognition-and-Nutrional-Analysis/CV/data/sharpened/pizza/pizza_389_sharpened.jpg
pizza,/Users/gavin/Documents/GitHub/SeeFood-Image-Recognition-and-Nutrional-Analysis/CV/data/sharpened/pizza/pizza_264_sharpened.jpg
pizza,/Users/gavin/Documents/GitHub/SeeFood-Image-Recognition-and-Nutrional-Analysis/CV/data/sharpened/pizza/pizza_334_sharpened.jpg
pizza,/Users/gavin/Documents/GitHub/SeeFood-Image-Recognition-and-Nutrional-Analysis/CV/data/sharpened/pizza/crop_pizza53_sharpened.jpg
pizza,/Users/gavin/Documents/GitHub/SeeFood-Image-Recognition-and-Nutrional-Analysis/CV/data/sharpened/pizza/pizza_433_sharpened.jpg
pizza,/Users/gavin/Documents/GitHub/SeeFood-Image-Recognition-and-Nutrional-Analysis/CV/data/sharpened/pizza/pizza_424_sharpened.jpg
pizza,/Users/gavin/Documents/GitHub/SeeFood-Image-Recognition-and-Nutrional-Analysis/CV/data/sharpened/pizza/crop_pizza30_sharpened.jpg
pizza,/Users/gavin/Documents/GitHub/SeeFood-Image-Recognition-and-Nutrional-Analysis/CV/data/sharpened/pizza/pizza_207_sharpened.jpg
pizza,/Users/gavin/Documents/GitHub/SeeFood-Image-Recognition-and-Nutrional-Analysis/CV/data/sharpened/pizza/pizza_357_sharpened.jpg
pizza,/Users/gavin/Documents/GitHub/SeeFood-Image-Recognition-and-Nutrional-Analysis/CV/data/sharpened/pizza/pizza_210_sharpened.jpg
pizza,/Users/gavin/Documents/GitHub/SeeFood-Image-Recognition-and-Nutrional-Analysis/CV/data/sharpened/pizza/pizza_340_sharpened.jpg
pizza,/Users/gavin/Documents/GitHub/SeeFood-Image-Recognition-and-Nutrional-Analysis/CV/data/sharpened/pizza/crop_pizza27_sharpened.jpg
pizza,/Users/gavin/Documents/GitHub/SeeFood-Image-Recognition-and-Nutrional-Analysis/CV/data/sharpened/pizza/pizza_283_sharpened.jpg
pizza,/Users/gavin/Documents/GitHub/SeeFood-Image-Recognition-and-Nutrional-Analysis/CV/data/sharpened/pizza/pizza_447_sharpened.jpg
pizza,/Users/gavin/Documents/GitHub/SeeFood-Image-Recognition-and-Nutrional-Analysis/CV/data/sharpened/pizza/pizza_229_sharpened.jpg
pizza,/Users/gavin/Documents/GitHub/SeeFood-Image-Recognition-and-Nutrional-Analysis/CV/data/sharpened/pizza/pizza_379_sharpened.jpg
pizza,/Users/gavin/Documents/GitHub/SeeFood-Image-Recognition-and-Nutrional-Analysis/CV/data/sharpened/pizza/pizza_198_sharpened.jpg
pizza,/Users/gavin/Documents/GitHub/SeeFood-Image-Recognition-and-Nutrional-Analysis/CV/data/sharpened/pizza/pizza_294_sharpened.jpg
pizza,/Users/gavin/Documents/GitHub/SeeFood-Image-Recognition-and-Nutrional-Analysis/CV/data/sharpened/pizza/pizza_450_sharpened.jpg
pizza,/Users/gavin/Documents/GitHub/SeeFood-Image-Recognition-and-Nutrional-Analysis/CV/data/sharpened/pizza/crop_pizza23_sharpened.jpg
pizza,/Users/gavin/Documents/GitHub/SeeFood-Image-Recognition-and-Nutrional-Analysis/CV/data/sharpened/pizza/pizza_344_sharpened.jpg
pizza,/Users/gavin/Documents/GitHub/SeeFood-Image-Recognition-and-Nutrional-Analysis/CV/data/sharpened/pizza/pizza_214_sharpened.jpg
pizza,/Users/gavin/Documents/GitHub/SeeFood-Image-Recognition-and-Nutrional-Analysis/CV/data/sharpened/pizza/pizza_353_sharpened.jpg
pizza,/Users/gavin/Documents/GitHub/SeeFood-Image-Recognition-and-Nutrional-Analysis/CV/data/sharpened/pizza/pizza_203_sharpened.jpg
pizza,/Users/gavin/Documents/GitHub/SeeFood-Image-Recognition-and-Nutrional-Analysis/CV/data/sharpened/pizza/crop_pizza34_sharpened.jpg
pizza,/Users/gavin/Documents/GitHub/SeeFood-Image-Recognition-and-Nutrional-Analysis/CV/data/sharpened/pizza/pizza_290_sharpened.jpg
pizza,/Users/gavin/Documents/GitHub/SeeFood-Image-Recognition-and-Nutrional-Analysis/CV/data/sharpened/pizza/pizza_454_sharpened.jpg
pizza,/Users/gavin/Documents/GitHub/SeeFood-Image-Recognition-and-Nutrional-Analysis/CV/data/sharpened/pizza/pizza_287_sharpened.jpg
pizza,/Users/gavin/Documents/GitHub/SeeFood-Image-Recognition-and-Nutrional-Analysis/CV/data/sharpened/pizza/pizza_443_sharpened.jpg
pizza,/Users/gavin/Documents/GitHub/SeeFood-Image-Recognition-and-Nutrional-Analysis/CV/data/sharpened/pizza/crop_pizza24_sharpened.jpg
pizza,/Users/gavin/Documents/GitHub/SeeFood-Image-Recognition-and-Nutrional-Analysis/CV/data/sharpened/pizza/pizza_343_sharpened.jpg
pizza,/Users/gavin/Documents/GitHub/SeeFood-Image-Recognition-and-Nutrional-Analysis/CV/data/sharpened/pizza/pizza_204_sharpened.jpg
pizza,/Users/gavin/Documents/GitHub/SeeFood-Image-Recognition-and-Nutrional-Analysis/CV/data/sharpened/pizza/pizza_354_sharpened.jpg
pizza,/Users/gavin/Documents/GitHub/SeeFood-Image-Recognition-and-Nutrional-Analysis/CV/data/sharpened/pizza/crop_pizza33_sharpened.jpg
pizza,/Users/gavin/Documents/GitHub/SeeFood-Image-Recognition-and-Nutrional-Analysis/CV/data/sharpened/pizza/pizza_297_sharpened.jpg
pizza,/Users/gavin/Documents/GitHub/SeeFood-Image-Recognition-and-Nutrional-Analysis/CV/data/sharpened/pizza/pizza_453_sharpened.jpg
pizza,/Users/gavin/Documents/GitHub/SeeFood-Image-Recognition-and-Nutrional-Analysis/CV/data/sharpened/pizza/pizza_280_sharpened.jpg
pizza,/Users/gavin/Documents/GitHub/SeeFood-Image-Recognition-and-Nutrional-Analysis/CV/data/sharpened/pizza/pizza_444_sharpened.jpg
pizza,/Users/gavin/Documents/GitHub/SeeFood-Image-Recognition-and-Nutrional-Analysis/CV/data/sharpened/pizza/crop_pizza37_sharpened.jpg
pizza,/Users/gavin/Documents/GitHub/SeeFood-Image-Recognition-and-Nutrional-Analysis/CV/data/sharpened/pizza/pizza_200_sharpened.jpg
pizza,/Users/gavin/Documents/GitHub/SeeFood-Image-Recognition-and-Nutrional-Analysis/CV/data/sharpened/pizza/pizza_347_sharpened.jpg
pizza,/Users/gavin/Documents/GitHub/SeeFood-Image-Recognition-and-Nutrional-Analysis/CV/data/sharpened/pizza/pizza_217_sharpened.jpg
pizza,/Users/gavin/Documents/GitHub/SeeFood-Image-Recognition-and-Nutrional-Analysis/CV/data/sharpened/pizza/crop_pizza20_sharpened.jpg
pizza,/Users/gavin/Documents/GitHub/SeeFood-Image-Recognition-and-Nutrional-Analysis/CV/data/sharpened/pizza/pizza_284_sharpened.jpg
pizza,/Users/gavin/Documents/GitHub/SeeFood-Image-Recognition-and-Nutrional-Analysis/CV/data/sharpened/pizza/pizza_440_sharpened.jpg
pizza,/Users/gavin/Documents/GitHub/SeeFood-Image-Recognition-and-Nutrional-Analysis/CV/data/sharpened/pizza/pizza_239_sharpened.jpg
pizza,/Users/gavin/Documents/GitHub/SeeFood-Image-Recognition-and-Nutrional-Analysis/CV/data/sharpened/pizza/pizza_293_sharpened.jpg
pizza,/Users/gavin/Documents/GitHub/SeeFood-Image-Recognition-and-Nutrional-Analysis/CV/data/sharpened/pizza/pizza_457_sharpened.jpg
pizza,/Users/gavin/Documents/GitHub/SeeFood-Image-Recognition-and-Nutrional-Analysis/CV/data/sharpened/pizza/crop_pizza19_sharpened.jpg
pizza,/Users/gavin/Documents/GitHub/SeeFood-Image-Recognition-and-Nutrional-Analysis/CV/data/sharpened/pizza/crop_pizza43_sharpened.jpg
pizza,/Users/gavin/Documents/GitHub/SeeFood-Image-Recognition-and-Nutrional-Analysis/CV/data/sharpened/pizza/pizza_324_sharpened.jpg
pizza,/Users/gavin/Documents/GitHub/SeeFood-Image-Recognition-and-Nutrional-Analysis/CV/data/sharpened/pizza/pizza_274_sharpened.jpg
pizza,/Users/gavin/Documents/GitHub/SeeFood-Image-Recognition-and-Nutrional-Analysis/CV/data/sharpened/pizza/pizza_178_sharpened.jpg
pizza,/Users/gavin/Documents/GitHub/SeeFood-Image-Recognition-and-Nutrional-Analysis/CV/data/sharpened/pizza/crop_pizza1_sharpened.jpg
pizza,/Users/gavin/Documents/GitHub/SeeFood-Image-Recognition-and-Nutrional-Analysis/CV/data/sharpened/pizza/pizza_333_sharpened.jpg
pizza,/Users/gavin/Documents/GitHub/SeeFood-Image-Recognition-and-Nutrional-Analysis/CV/data/sharpened/pizza/pizza_263_sharpened.jpg
pizza,/Users/gavin/Documents/GitHub/SeeFood-Image-Recognition-and-Nutrional-Analysis/CV/data/sharpened/pizza/crop_pizza54_sharpened.jpg
pizza,/Users/gavin/Documents/GitHub/SeeFood-Image-Recognition-and-Nutrional-Analysis/CV/data/sharpened/pizza/pizza_434_sharpened.jpg
pizza,/Users/gavin/Documents/GitHub/SeeFood-Image-Recognition-and-Nutrional-Analysis/CV/data/sharpened/pizza/pizza_3_sharpened.jpg
pizza,/Users/gavin/Documents/GitHub/SeeFood-Image-Recognition-and-Nutrional-Analysis/CV/data/sharpened/pizza/pizza_423_sharpened.jpg
pizza,/Users/gavin/Documents/GitHub/SeeFood-Image-Recognition-and-Nutrional-Analysis/CV/data/sharpened/pizza/crop_pizza50_sharpened.jpg
pizza,/Users/gavin/Documents/GitHub/SeeFood-Image-Recognition-and-Nutrional-Analysis/CV/data/sharpened/pizza/pizza_267_sharpened.jpg
pizza,/Users/gavin/Documents/GitHub/SeeFood-Image-Recognition-and-Nutrional-Analysis/CV/data/sharpened/pizza/pizza_337_sharpened.jpg
pizza,/Users/gavin/Documents/GitHub/SeeFood-Image-Recognition-and-Nutrional-Analysis/CV/data/sharpened/pizza/crop_pizza5_sharpened.jpg
pizza,/Users/gavin/Documents/GitHub/SeeFood-Image-Recognition-and-Nutrional-Analysis/CV/data/sharpened/pizza/pizza_270_sharpened.jpg
pizza,/Users/gavin/Documents/GitHub/SeeFood-Image-Recognition-and-Nutrional-Analysis/CV/data/sharpened/pizza/pizza_320_sharpened.jpg
pizza,/Users/gavin/Documents/GitHub/SeeFood-Image-Recognition-and-Nutrional-Analysis/CV/data/sharpened/pizza/crop_pizza47_sharpened.jpg
pizza,/Users/gavin/Documents/GitHub/SeeFood-Image-Recognition-and-Nutrional-Analysis/CV/data/sharpened/pizza/pizza_427_sharpened.jpg
pizza,/Users/gavin/Documents/GitHub/SeeFood-Image-Recognition-and-Nutrional-Analysis/CV/data/sharpened/pizza/pizza_249_sharpened.jpg
pizza,/Users/gavin/Documents/GitHub/SeeFood-Image-Recognition-and-Nutrional-Analysis/CV/data/sharpened/pizza/pizza_319_sharpened.jpg
pizza,/Users/gavin/Documents/GitHub/SeeFood-Image-Recognition-and-Nutrional-Analysis/CV/data/sharpened/pizza/pizza_430_sharpened.jpg
pizza,/Users/gavin/Documents/GitHub/SeeFood-Image-Recognition-and-Nutrional-Analysis/CV/data/sharpened/pizza/pizza_292_sharpened.jpg
pizza,/Users/gavin/Documents/GitHub/SeeFood-Image-Recognition-and-Nutrional-Analysis/CV/data/sharpened/pizza/pizza_456_sharpened.jpg
pizza,/Users/gavin/Documents/GitHub/SeeFood-Image-Recognition-and-Nutrional-Analysis/CV/data/sharpened/pizza/crop_pizza18_sharpened.jpg
pizza,/Users/gavin/Documents/GitHub/SeeFood-Image-Recognition-and-Nutrional-Analysis/CV/data/sharpened/pizza/pizza_368_sharpened.jpg
pizza,/Users/gavin/Documents/GitHub/SeeFood-Image-Recognition-and-Nutrional-Analysis/CV/data/sharpened/pizza/pizza_238_sharpened.jpg
pizza,/Users/gavin/Documents/GitHub/SeeFood-Image-Recognition-and-Nutrional-Analysis/CV/data/sharpened/pizza/pizza_285_sharpened.jpg
pizza,/Users/gavin/Documents/GitHub/SeeFood-Image-Recognition-and-Nutrional-Analysis/CV/data/sharpened/pizza/pizza_441_sharpened.jpg
pizza,/Users/gavin/Documents/GitHub/SeeFood-Image-Recognition-and-Nutrional-Analysis/CV/data/sharpened/pizza/pizza_346_sharpened.jpg
pizza,/Users/gavin/Documents/GitHub/SeeFood-Image-Recognition-and-Nutrional-Analysis/CV/data/sharpened/pizza/pizza_216_sharpened.jpg
pizza,/Users/gavin/Documents/GitHub/SeeFood-Image-Recognition-and-Nutrional-Analysis/CV/data/sharpened/pizza/crop_pizza21_sharpened.jpg
pizza,/Users/gavin/Documents/GitHub/SeeFood-Image-Recognition-and-Nutrional-Analysis/CV/data/sharpened/pizza/crop_pizza36_sharpened.jpg
pizza,/Users/gavin/Documents/GitHub/SeeFood-Image-Recognition-and-Nutrional-Analysis/CV/data/sharpened/pizza/pizza_351_sharpened.jpg
pizza,/Users/gavin/Documents/GitHub/SeeFood-Image-Recognition-and-Nutrional-Analysis/CV/data/sharpened/pizza/pizza_201_sharpened.jpg
pizza,/Users/gavin/Documents/GitHub/SeeFood-Image-Recognition-and-Nutrional-Analysis/CV/data/sharpened/pizza/pizza_281_sharpened.jpg
pizza,/Users/gavin/Documents/GitHub/SeeFood-Image-Recognition-and-Nutrional-Analysis/CV/data/sharpened/pizza/pizza_445_sharpened.jpg
pizza,/Users/gavin/Documents/GitHub/SeeFood-Image-Recognition-and-Nutrional-Analysis/CV/data/sharpened/pizza/pizza_296_sharpened.jpg
pizza,/Users/gavin/Documents/GitHub/SeeFood-Image-Recognition-and-Nutrional-Analysis/CV/data/sharpened/pizza/pizza_452_sharpened.jpg
pizza,/Users/gavin/Documents/GitHub/SeeFood-Image-Recognition-and-Nutrional-Analysis/CV/data/sharpened/pizza/pizza_205_sharpened.jpg
pizza,/Users/gavin/Documents/GitHub/SeeFood-Image-Recognition-and-Nutrional-Analysis/CV/data/sharpened/pizza/crop_pizza32_sharpened.jpg
pizza,/Users/gavin/Documents/GitHub/SeeFood-Image-Recognition-and-Nutrional-Analysis/CV/data/sharpened/pizza/crop_pizza25_sharpened.jpg
pizza,/Users/gavin/Documents/GitHub/SeeFood-Image-Recognition-and-Nutrional-Analysis/CV/data/sharpened/pizza/pizza_212_sharpened.jpg
pizza,/Users/gavin/Documents/GitHub/SeeFood-Image-Recognition-and-Nutrional-Analysis/CV/data/sharpened/pizza/pizza_342_sharpened.jpg
pizza,/Users/gavin/Documents/GitHub/SeeFood-Image-Recognition-and-Nutrional-Analysis/CV/data/sharpened/pizza/pizza_431_sharpened.jpg
pizza,/Users/gavin/Documents/GitHub/SeeFood-Image-Recognition-and-Nutrional-Analysis/CV/data/sharpened/pizza/pizza_248_sharpened.jpg
pizza,/Users/gavin/Documents/GitHub/SeeFood-Image-Recognition-and-Nutrional-Analysis/CV/data/sharpened/pizza/pizza_318_sharpened.jpg
pizza,/Users/gavin/Documents/GitHub/SeeFood-Image-Recognition-and-Nutrional-Analysis/CV/data/sharpened/pizza/pizza_426_sharpened.jpg
pizza,/Users/gavin/Documents/GitHub/SeeFood-Image-Recognition-and-Nutrional-Analysis/CV/data/sharpened/pizza/pizza_271_sharpened.jpg
pizza,/Users/gavin/Documents/GitHub/SeeFood-Image-Recognition-and-Nutrional-Analysis/CV/data/sharpened/pizza/pizza_321_sharpened.jpg
pizza,/Users/gavin/Documents/GitHub/SeeFood-Image-Recognition-and-Nutrional-Analysis/CV/data/sharpened/pizza/crop_pizza4_sharpened.jpg
pizza,/Users/gavin/Documents/GitHub/SeeFood-Image-Recognition-and-Nutrional-Analysis/CV/data/sharpened/pizza/crop_pizza46_sharpened.jpg
pizza,/Users/gavin/Documents/GitHub/SeeFood-Image-Recognition-and-Nutrional-Analysis/CV/data/sharpened/pizza/crop_pizza51_sharpened.jpg
pizza,/Users/gavin/Documents/GitHub/SeeFood-Image-Recognition-and-Nutrional-Analysis/CV/data/sharpened/pizza/pizza_266_sharpened.jpg
pizza,/Users/gavin/Documents/GitHub/SeeFood-Image-Recognition-and-Nutrional-Analysis/CV/data/sharpened/pizza/pizza_336_sharpened.jpg
pizza,/Users/gavin/Documents/GitHub/SeeFood-Image-Recognition-and-Nutrional-Analysis/CV/data/sharpened/pizza/pizza_435_sharpened.jpg
pizza,/Users/gavin/Documents/GitHub/SeeFood-Image-Recognition-and-Nutrional-Analysis/CV/data/sharpened/pizza/pizza_332_sharpened.jpg
pizza,/Users/gavin/Documents/GitHub/SeeFood-Image-Recognition-and-Nutrional-Analysis/CV/data/sharpened/pizza/crop_pizza55_sharpened.jpg
pizza,/Users/gavin/Documents/GitHub/SeeFood-Image-Recognition-and-Nutrional-Analysis/CV/data/sharpened/pizza/crop_pizza42_sharpened.jpg
pizza,/Users/gavin/Documents/GitHub/SeeFood-Image-Recognition-and-Nutrional-Analysis/CV/data/sharpened/pizza/pizza_179_sharpened.jpg
pizza,/Users/gavin/Documents/GitHub/SeeFood-Image-Recognition-and-Nutrional-Analysis/CV/data/sharpened/pizza/pizza_325_sharpened.jpg
pizza,/Users/gavin/Documents/GitHub/SeeFood-Image-Recognition-and-Nutrional-Analysis/CV/data/sharpened/pizza/pizza_275_sharpened.jpg
pizza,/Users/gavin/Documents/GitHub/SeeFood-Image-Recognition-and-Nutrional-Analysis/CV/data/sharpened/pizza/pizza_432_sharpened.jpg
pizza,/Users/gavin/Documents/GitHub/SeeFood-Image-Recognition-and-Nutrional-Analysis/CV/data/sharpened/pizza/pizza_265_sharpened.jpg
pizza,/Users/gavin/Documents/GitHub/SeeFood-Image-Recognition-and-Nutrional-Analysis/CV/data/sharpened/pizza/pizza_335_sharpened.jpg
pizza,/Users/gavin/Documents/GitHub/SeeFood-Image-Recognition-and-Nutrional-Analysis/CV/data/sharpened/pizza/crop_pizza52_sharpened.jpg
pizza,/Users/gavin/Documents/GitHub/SeeFood-Image-Recognition-and-Nutrional-Analysis/CV/data/sharpened/pizza/crop_pizza45_sharpened.jpg
pizza,/Users/gavin/Documents/GitHub/SeeFood-Image-Recognition-and-Nutrional-Analysis/CV/data/sharpened/pizza/crop_pizza7_sharpened.jpg
pizza,/Users/gavin/Documents/GitHub/SeeFood-Image-Recognition-and-Nutrional-Analysis/CV/data/sharpened/pizza/pizza_272_sharpened.jpg
pizza,/Users/gavin/Documents/GitHub/SeeFood-Image-Recognition-and-Nutrional-Analysis/CV/data/sharpened/pizza/pizza_322_sharpened.jpg
pizza,/Users/gavin/Documents/GitHub/SeeFood-Image-Recognition-and-Nutrional-Analysis/CV/data/sharpened/pizza/pizza_436_sharpened.jpg
pizza,/Users/gavin/Documents/GitHub/SeeFood-Image-Recognition-and-Nutrional-Analysis/CV/data/sharpened/pizza/pizza_308_sharpened.jpg
pizza,/Users/gavin/Documents/GitHub/SeeFood-Image-Recognition-and-Nutrional-Analysis/CV/data/sharpened/pizza/pizza_421_sharpened.jpg
pizza,/Users/gavin/Documents/GitHub/SeeFood-Image-Recognition-and-Nutrional-Analysis/CV/data/sharpened/pizza/pizza_326_sharpened.jpg
pizza,/Users/gavin/Documents/GitHub/SeeFood-Image-Recognition-and-Nutrional-Analysis/CV/data/sharpened/pizza/pizza_276_sharpened.jpg
pizza,/Users/gavin/Documents/GitHub/SeeFood-Image-Recognition-and-Nutrional-Analysis/CV/data/sharpened/pizza/crop_pizza3_sharpened.jpg
pizza,/Users/gavin/Documents/GitHub/SeeFood-Image-Recognition-and-Nutrional-Analysis/CV/data/sharpened/pizza/crop_pizza41_sharpened.jpg
pizza,/Users/gavin/Documents/GitHub/SeeFood-Image-Recognition-and-Nutrional-Analysis/CV/data/sharpened/pizza/crop_pizza56_sharpened.jpg
pizza,/Users/gavin/Documents/GitHub/SeeFood-Image-Recognition-and-Nutrional-Analysis/CV/data/sharpened/pizza/pizza_418_sharpened.jpg
pizza,/Users/gavin/Documents/GitHub/SeeFood-Image-Recognition-and-Nutrional-Analysis/CV/data/sharpened/pizza/pizza_331_sharpened.jpg
pizza,/Users/gavin/Documents/GitHub/SeeFood-Image-Recognition-and-Nutrional-Analysis/CV/data/sharpened/pizza/pizza_261_sharpened.jpg
pizza,/Users/gavin/Documents/GitHub/SeeFood-Image-Recognition-and-Nutrional-Analysis/CV/data/sharpened/pizza/pizza_286_sharpened.jpg
pizza,/Users/gavin/Documents/GitHub/SeeFood-Image-Recognition-and-Nutrional-Analysis/CV/data/sharpened/pizza/pizza_442_sharpened.jpg
pizza,/Users/gavin/Documents/GitHub/SeeFood-Image-Recognition-and-Nutrional-Analysis/CV/data/sharpened/pizza/pizza_291_sharpened.jpg
pizza,/Users/gavin/Documents/GitHub/SeeFood-Image-Recognition-and-Nutrional-Analysis/CV/data/sharpened/pizza/pizza_455_sharpened.jpg
pizza,/Users/gavin/Documents/GitHub/SeeFood-Image-Recognition-and-Nutrional-Analysis/CV/data/sharpened/pizza/crop_pizza35_sharpened.jpg
pizza,/Users/gavin/Documents/GitHub/SeeFood-Image-Recognition-and-Nutrional-Analysis/CV/data/sharpened/pizza/crop_pizza22_sharpened.jpg
pizza,/Users/gavin/Documents/GitHub/SeeFood-Image-Recognition-and-Nutrional-Analysis/CV/data/sharpened/pizza/pizza_345_sharpened.jpg
pizza,/Users/gavin/Documents/GitHub/SeeFood-Image-Recognition-and-Nutrional-Analysis/CV/data/sharpened/pizza/pizza_295_sharpened.jpg
pizza,/Users/gavin/Documents/GitHub/SeeFood-Image-Recognition-and-Nutrional-Analysis/CV/data/sharpened/pizza/pizza_451_sharpened.jpg
pizza,/Users/gavin/Documents/GitHub/SeeFood-Image-Recognition-and-Nutrional-Analysis/CV/data/sharpened/pizza/pizza_228_sharpened.jpg
pizza,/Users/gavin/Documents/GitHub/SeeFood-Image-Recognition-and-Nutrional-Analysis/CV/data/sharpened/pizza/pizza_378_sharpened.jpg
pizza,/Users/gavin/Documents/GitHub/SeeFood-Image-Recognition-and-Nutrional-Analysis/CV/data/sharpened/pizza/pizza_199_sharpened.jpg
pizza,/Users/gavin/Documents/GitHub/SeeFood-Image-Recognition-and-Nutrional-Analysis/CV/data/sharpened/pizza/pizza_282_sharpened.jpg
pizza,/Users/gavin/Documents/GitHub/SeeFood-Image-Recognition-and-Nutrional-Analysis/CV/data/sharpened/pizza/pizza_446_sharpened.jpg
pizza,/Users/gavin/Documents/GitHub/SeeFood-Image-Recognition-and-Nutrional-Analysis/CV/data/sharpened/pizza/pizza_341_sharpened.jpg
pizza,/Users/gavin/Documents/GitHub/SeeFood-Image-Recognition-and-Nutrional-Analysis/CV/data/sharpened/pizza/crop_pizza26_sharpened.jpg
pizza,/Users/gavin/Documents/GitHub/SeeFood-Image-Recognition-and-Nutrional-Analysis/CV/data/sharpened/pizza/crop_pizza31_sharpened.jpg
pizza,/Users/gavin/Documents/GitHub/SeeFood-Image-Recognition-and-Nutrional-Analysis/CV/data/sharpened/pizza/pizza_206_sharpened.jpg
pizza,/Users/gavin/Documents/GitHub/SeeFood-Image-Recognition-and-Nutrional-Analysis/CV/data/sharpened/pizza/pizza_356_sharpened.jpg
pizza,/Users/gavin/Documents/GitHub/SeeFood-Image-Recognition-and-Nutrional-Analysis/CV/data/sharpened/pizza/pizza_288_sharpened.jpg
pizza,/Users/gavin/Documents/GitHub/SeeFood-Image-Recognition-and-Nutrional-Analysis/CV/data/sharpened/pizza/pizza_365_sharpened.jpg
pizza,/Users/gavin/Documents/GitHub/SeeFood-Image-Recognition-and-Nutrional-Analysis/CV/data/sharpened/pizza/pizza_235_sharpened.jpg
pizza,/Users/gavin/Documents/GitHub/SeeFood-Image-Recognition-and-Nutrional-Analysis/CV/data/sharpened/pizza/pizza_193_sharpened.jpg
pizza,/Users/gavin/Documents/GitHub/SeeFood-Image-Recognition-and-Nutrional-Analysis/CV/data/sharpened/pizza/pizza_222_sharpened.jpg
pizza,/Users/gavin/Documents/GitHub/SeeFood-Image-Recognition-and-Nutrional-Analysis/CV/data/sharpened/pizza/pizza_197_sharpened.jpg
pizza,/Users/gavin/Documents/GitHub/SeeFood-Image-Recognition-and-Nutrional-Analysis/CV/data/sharpened/pizza/pizza_226_sharpened.jpg
pizza,/Users/gavin/Documents/GitHub/SeeFood-Image-Recognition-and-Nutrional-Analysis/CV/data/sharpened/pizza/pizza_376_sharpened.jpg
pizza,/Users/gavin/Documents/GitHub/SeeFood-Image-Recognition-and-Nutrional-Analysis/CV/data/sharpened/pizza/crop_pizza11_sharpened.jpg
pizza,/Users/gavin/Documents/GitHub/SeeFood-Image-Recognition-and-Nutrional-Analysis/CV/data/sharpened/pizza/pizza_231_sharpened.jpg
pizza,/Users/gavin/Documents/GitHub/SeeFood-Image-Recognition-and-Nutrional-Analysis/CV/data/sharpened/pizza/pizza_361_sharpened.jpg
pizza,/Users/gavin/Documents/GitHub/SeeFood-Image-Recognition-and-Nutrional-Analysis/CV/data/sharpened/pizza/pizza_448_sharpened.jpg
pizza,/Users/gavin/Documents/GitHub/SeeFood-Image-Recognition-and-Nutrional-Analysis/CV/data/sharpened/pizza/crop_pizza28_sharpened.jpg
pizza,/Users/gavin/Documents/GitHub/SeeFood-Image-Recognition-and-Nutrional-Analysis/CV/data/sharpened/pizza/pizza_358_sharpened.jpg
pizza,/Users/gavin/Documents/GitHub/SeeFood-Image-Recognition-and-Nutrional-Analysis/CV/data/sharpened/pizza/pizza_252_sharpened.jpg
pizza,/Users/gavin/Documents/GitHub/SeeFood-Image-Recognition-and-Nutrional-Analysis/CV/data/sharpened/pizza/pizza_302_sharpened.jpg
pizza,/Users/gavin/Documents/GitHub/SeeFood-Image-Recognition-and-Nutrional-Analysis/CV/data/sharpened/pizza/pizza_245_sharpened.jpg
pizza,/Users/gavin/Documents/GitHub/SeeFood-Image-Recognition-and-Nutrional-Analysis/CV/data/sharpened/pizza/pizza_315_sharpened.jpg
pizza,/Users/gavin/Documents/GitHub/SeeFood-Image-Recognition-and-Nutrional-Analysis/CV/data/sharpened/pizza/pizza_386_sharpened.jpg
pizza,/Users/gavin/Documents/GitHub/SeeFood-Image-Recognition-and-Nutrional-Analysis/CV/data/sharpened/pizza/pizza_412_sharpened.jpg
pizza,/Users/gavin/Documents/GitHub/SeeFood-Image-Recognition-and-Nutrional-Analysis/CV/data/sharpened/pizza/crop_pizza9_sharpened.jpg
pizza,/Users/gavin/Documents/GitHub/SeeFood-Image-Recognition-and-Nutrional-Analysis/CV/data/sharpened/pizza/pizza_405_sharpened.jpg
pizza,/Users/gavin/Documents/GitHub/SeeFood-Image-Recognition-and-Nutrional-Analysis/CV/data/sharpened/pizza/pizza_438_sharpened.jpg
pizza,/Users/gavin/Documents/GitHub/SeeFood-Image-Recognition-and-Nutrional-Analysis/CV/data/sharpened/pizza/pizza_311_sharpened.jpg
pizza,/Users/gavin/Documents/GitHub/SeeFood-Image-Recognition-and-Nutrional-Analysis/CV/data/sharpened/pizza/pizza_241_sharpened.jpg
pizza,/Users/gavin/Documents/GitHub/SeeFood-Image-Recognition-and-Nutrional-Analysis/CV/data/sharpened/pizza/pizza_306_sharpened.jpg
pizza,/Users/gavin/Documents/GitHub/SeeFood-Image-Recognition-and-Nutrional-Analysis/CV/data/sharpened/pizza/pizza_256_sharpened.jpg
pizza,/Users/gavin/Documents/GitHub/SeeFood-Image-Recognition-and-Nutrional-Analysis/CV/data/sharpened/pizza/pizza_328_sharpened.jpg
pizza,/Users/gavin/Documents/GitHub/SeeFood-Image-Recognition-and-Nutrional-Analysis/CV/data/sharpened/pizza/pizza_278_sharpened.jpg
pizza,/Users/gavin/Documents/GitHub/SeeFood-Image-Recognition-and-Nutrional-Analysis/CV/data/sharpened/pizza/pizza_401_sharpened.jpg
pizza,/Users/gavin/Documents/GitHub/SeeFood-Image-Recognition-and-Nutrional-Analysis/CV/data/sharpened/pizza/pizza_174_sharpened.jpg
pizza,/Users/gavin/Documents/GitHub/SeeFood-Image-Recognition-and-Nutrional-Analysis/CV/data/sharpened/pizza/pizza_382_sharpened.jpg
pizza,/Users/gavin/Documents/GitHub/SeeFood-Image-Recognition-and-Nutrional-Analysis/CV/data/sharpened/pizza/pizza_246_sharpened.jpg
pizza,/Users/gavin/Documents/GitHub/SeeFood-Image-Recognition-and-Nutrional-Analysis/CV/data/sharpened/pizza/pizza_316_sharpened.jpg
pizza,/Users/gavin/Documents/GitHub/SeeFood-Image-Recognition-and-Nutrional-Analysis/CV/data/sharpened/pizza/pizza_251_sharpened.jpg
pizza,/Users/gavin/Documents/GitHub/SeeFood-Image-Recognition-and-Nutrional-Analysis/CV/data/sharpened/pizza/pizza_301_sharpened.jpg
pizza,/Users/gavin/Documents/GitHub/SeeFood-Image-Recognition-and-Nutrional-Analysis/CV/data/sharpened/pizza/pizza_428_sharpened.jpg
pizza,/Users/gavin/Documents/GitHub/SeeFood-Image-Recognition-and-Nutrional-Analysis/CV/data/sharpened/pizza/pizza_392_sharpened.jpg
pizza,/Users/gavin/Documents/GitHub/SeeFood-Image-Recognition-and-Nutrional-Analysis/CV/data/sharpened/pizza/pizza_173_sharpened.jpg
pizza,/Users/gavin/Documents/GitHub/SeeFood-Image-Recognition-and-Nutrional-Analysis/CV/data/sharpened/pizza/crop_pizza48_sharpened.jpg
pizza,/Users/gavin/Documents/GitHub/SeeFood-Image-Recognition-and-Nutrional-Analysis/CV/data/sharpened/pizza/pizza_385_sharpened.jpg
pizza,/Users/gavin/Documents/GitHub/SeeFood-Image-Recognition-and-Nutrional-Analysis/CV/data/sharpened/pizza/pizza_268_sharpened.jpg
pizza,/Users/gavin/Documents/GitHub/SeeFood-Image-Recognition-and-Nutrional-Analysis/CV/data/sharpened/pizza/pizza_338_sharpened.jpg
pizza,/Users/gavin/Documents/GitHub/SeeFood-Image-Recognition-and-Nutrional-Analysis/CV/data/sharpened/pizza/pizza_305_sharpened.jpg
pizza,/Users/gavin/Documents/GitHub/SeeFood-Image-Recognition-and-Nutrional-Analysis/CV/data/sharpened/pizza/pizza_255_sharpened.jpg
pizza,/Users/gavin/Documents/GitHub/SeeFood-Image-Recognition-and-Nutrional-Analysis/CV/data/sharpened/pizza/pizza_312_sharpened.jpg
pizza,/Users/gavin/Documents/GitHub/SeeFood-Image-Recognition-and-Nutrional-Analysis/CV/data/sharpened/pizza/pizza_242_sharpened.jpg
pizza,/Users/gavin/Documents/GitHub/SeeFood-Image-Recognition-and-Nutrional-Analysis/CV/data/sharpened/pizza/pizza_381_sharpened.jpg
pizza,/Users/gavin/Documents/GitHub/SeeFood-Image-Recognition-and-Nutrional-Analysis/CV/data/sharpened/pizza/pizza_415_sharpened.jpg
pizza,/Users/gavin/Documents/GitHub/SeeFood-Image-Recognition-and-Nutrional-Analysis/CV/data/sharpened/pizza/pizza_177_sharpened.jpg
pizza,/Users/gavin/Documents/GitHub/SeeFood-Image-Recognition-and-Nutrional-Analysis/CV/data/sharpened/pizza/pizza_190_sharpened.jpg
pizza,/Users/gavin/Documents/GitHub/SeeFood-Image-Recognition-and-Nutrional-Analysis/CV/data/sharpened/pizza/pizza_221_sharpened.jpg
pizza,/Users/gavin/Documents/GitHub/SeeFood-Image-Recognition-and-Nutrional-Analysis/CV/data/sharpened/pizza/crop_pizza16_sharpened.jpg
pizza,/Users/gavin/Documents/GitHub/SeeFood-Image-Recognition-and-Nutrional-Analysis/CV/data/sharpened/pizza/pizza_187_sharpened.jpg
pizza,/Users/gavin/Documents/GitHub/SeeFood-Image-Recognition-and-Nutrional-Analysis/CV/data/sharpened/pizza/pizza_236_sharpened.jpg
pizza,/Users/gavin/Documents/GitHub/SeeFood-Image-Recognition-and-Nutrional-Analysis/CV/data/sharpened/pizza/pizza_348_sharpened.jpg
pizza,/Users/gavin/Documents/GitHub/SeeFood-Image-Recognition-and-Nutrional-Analysis/CV/data/sharpened/pizza/pizza_218_sharpened.jpg
pizza,/Users/gavin/Documents/GitHub/SeeFood-Image-Recognition-and-Nutrional-Analysis/CV/data/sharpened/pizza/crop_pizza38_sharpened.jpg
pizza,/Users/gavin/Documents/GitHub/SeeFood-Image-Recognition-and-Nutrional-Analysis/CV/data/sharpened/pizza/pizza_183_sharpened.jpg
pizza,/Users/gavin/Documents/GitHub/SeeFood-Image-Recognition-and-Nutrional-Analysis/CV/data/sharpened/pizza/pizza_232_sharpened.jpg
pizza,/Users/gavin/Documents/GitHub/SeeFood-Image-Recognition-and-Nutrional-Analysis/CV/data/sharpened/pizza/crop_pizza12_sharpened.jpg
pizza,/Users/gavin/Documents/GitHub/SeeFood-Image-Recognition-and-Nutrional-Analysis/CV/data/sharpened/pizza/pizza_194_sharpened.jpg
pizza,/Users/gavin/Documents/GitHub/SeeFood-Image-Recognition-and-Nutrional-Analysis/CV/data/sharpened/pizza/pizza_225_sharpened.jpg
pizza,/Users/gavin/Documents/GitHub/SeeFood-Image-Recognition-and-Nutrional-Analysis/CV/data/sharpened/pizza/pizza_298_sharpened.jpg
